{"cameraMode":{"drawMode":0,"name":"Shaded","section":"Shading Mode"},"sceneLighting":true,"audioPlay":false,"sceneViewState":{"m_AlwaysRefresh":false,"showFog":true,"showSkybox":true,"showFlares":true,"showImageEffects":true,"showParticleSystems":true,"showVisualEffectGraphs":true,"m_FxEnabled":true},"in2DMode":false,"pivot":{"x":-0.6401453018188477,"y":-0.2967647314071655,"z":-2.6604018211364748},"rotation":{"x":-0.005105563905090094,"y":0.9846742153167725,"z":-0.17187584936618806,"w":-0.029252812266349794},"size":2.9106528759002687,"orthographic":false}